company_uuid,new_listing_base_value
2029879,https://corcoranicon.com
2341534,http://bhghomecity.dugout.moxiworks.net
2529316,http://kappelgateway.agent.mycbkg.com
3272554,http://arielletorkildsen.agent.barrettsothebysrealty.com
3343564,https://cbdanforth.sites.cbmoxi.com
3344353,https://hickokandboardman.sites.cbmoxi.com
3345931,https://cblegacygroup.sites.cbmoxi.com
3346720,https://cbhearthside.agent.mycbhteam.com
3354610,https://gccoldwellbanker.com
3356977,https://cbheritage.sites.cbmoxi.com
3357766,https://apwrealtors.sites.cbmoxi.com
3358555,https://coldwellbankeraction.com
3360922,https://americana.sites.cbmoxi.com
3361711,https://bellingerrealestate.sites.cbmoxi.com
3363289,https://patriotrealty.sites.cbmoxi.com
3365656,https://developac.com
3366445,https://murrayrealestate.sites.cbmoxi.com
3368812,https://thebrokers.sites.cbmoxi.com
3371179,http://burnsandburnsrealty.com
3372757,https://hubbellbriarwood.sites.cbmoxi.com
3373546,https://wernerandassociates.sites.cbmoxi.com
3374335,https://reganrealtors.sites.cbmoxi.com
3375913,https://mcmillanandassociates.sites.cbmoxi.com
3376702,https://bishoprealty.sites.cbmoxi.com
3377491,https://townandcountryrealestate.sites.cbmoxi.com
3378280,https://sellrealestate.sites.cbmoxi.com
3379069,https://cbselectrealestate.sites.cbmoxi.com
3379858,https://wandellsofianekrealty.sites.cbmoxi.com
3380647,https://laurelridge.sites.cbmoxi.com
3381436,https://cbhpr.sites.cbmoxi.com
3384592,https://pinnacleproperties.sites.cbmoxi.com
3385381,https://racerealty.sites.cbmoxi.com
3387748,https://green-millsandassociates.sites.cbmoxi.com
3389326,https://cbendeavorrealty.sites.cbmoxi.com
3390115,https://prestigerealty.sites.cbmoxi.com
3390904,https://ccproperties.sites.cbmoxi.com
3392482,https://pennonerealestate.sites.cbmoxi.com
3394060,https://markcampbellandassociates.sites.cbmoxi.com
3394849,https://kivett-teeters.sites.cbmoxi.com
3396427,https://1stchoicerealty.sites.cbmoxi.com
3398794,https://grovesrealestate.sites.cbmoxi.com
3399583,https://cblenhart.com
3400372,https://cbkuehnle.sites.cbmoxi.com
3401161,https://skyridgerealty.sites.cbmoxi.com
3401950,https://anchorrealestateinci.sites.cbmoxi.com
3404317,https://mammothrealestate.sites.cbmoxi.com
3405895,https://bestrealty.sites.cbmoxi.com
3406684,https://mountainwestrealestateinc.sites.cbmoxi.com
3409840,http://cbanchor.com
3410629,https://www.cbtec.com
3411418,https://kehrobrienrealestate.sites.cbmoxi.com
3413785,https://southernhomes.sites.cbmoxi.com
3414574,https://coldwellbankerauburn.com
3416152,https://homesunlimitedrealestate.sites.cbmoxi.com
3416941,https://weirmanuel.sites.cbmoxi.com
3417730,https://reehlpropertiesinc.sites.cbmoxi.com
3418519,http://sgbillings.com
3420886,https://lakesrealty.sites.cbmoxi.com
3421675,https://cbpgnewberg.sites.cbmoxi.com
3422464,https://theronbrowncompany.sites.cbmoxi.com
3423253,https://cbgrassrootsrealty.sites.cbmoxi.com
3424831,https://associatedbrokers.sites.cbmoxi.com
3425620,https://oldmillproperties.sites.cbmoxi.com
3427987,https://mendorealty.sites.cbmoxi.com
3428776,https://hobinrealtyllc.sites.cbmoxi.com
3431143,https://coldwellbankerprofessionals.com
3431932,https://mmparrish.com
3433510,https://generalproperties.sites.cbmoxi.com
3435088,https://hartung.sites.cbmoxi.com
3435877,https://mayfieldrealty.sites.cbmoxi.com
3438244,https://suncountryrealtyinc.sites.cbmoxi.com
3439033,https://excelrealty.sites.cbmoxi.com
3441400,https://lakeviewrealtors.sites.cbmoxi.com
3442978,https://benbatesincrealtors.sites.cbmoxi.com
3443767,https://jamescottonrealestateinc.sites.cbmoxi.com
3444556,https://kigar.sites.cbmoxi.com
3445345,https://frewenrealty.sites.cbmoxi.com
3446134,https://gaydalesincrealtors.sites.cbmoxi.com
3446923,https://qualityrealtors.sites.cbmoxi.com
3448501,https://investorsrealtyofcitruscountyinc.sites.cbmoxi.com
3450079,https://townandcountry.sites.cbmoxi.com
3450868,https://todaysrealtorsllc.sites.cbmoxi.com
3452446,https://flanaganrealty.sites.cbmoxi.com
3454024,https://ahartwigcompany.sites.cbmoxi.com
3454813,https://farleycompany.sites.cbmoxi.com
3455602,https://jdavidthompsonrealty.sites.cbmoxi.com
3456391,https://kaljianandassociates.sites.cbmoxi.com
3458758,https://associatedbrokersrealty.sites.cbmoxi.com
3459547,https://coastalhomes.sites.cbmoxi.com
3460336,https://coastrealestate.sites.cbmoxi.com
3461125,https://allenandgearyrealestate.sites.cbmoxi.com
3461914,https://cbmpr.sites.cbmoxi.com
3463492,https://goldkeyrealtyinc.sites.cbmoxi.com
3464281,https://advantagerealestatecorporation.sites.cbmoxi.com
3466648,https://rivierarealtyinc.sites.cbmoxi.com
3469015,https://theameliagroup.sites.cbmoxi.com
3470593,https://crownrealtors.sites.cbmoxi.com
3471382,https://borrego.sites.cbmoxi.com
3472171,https://cbphomes.com
3475327,https://preferredproperties.sites.cbmoxi.com
3479272,https://solomonrealestategroupinc.sites.cbmoxi.com
3480061,https://stratfordplace.sites.cbmoxi.com
3480850,https://islandsrealty.sites.cbmoxi.com
3481639,https://selectrealty.sites.cbmoxi.com
3482428,https://parkshorerealestate.sites.cbmoxi.com
3483217,https://cbsarealty.com
3484006,https://show-meproperties.sites.cbmoxi.com
3486373,https://uptownrealty.sites.cbmoxi.com
3487162,https://am-southrealty.sites.cbmoxi.com
3487951,https://susanirealtyinc.sites.cbmoxi.com
3488740,https://preferredpropertiesinc.sites.cbmoxi.com
3489529,https://welcometowallawalla.com
3491107,https://homeconnectionrealty.sites.cbmoxi.com
3491896,https://niedergerkeandco.sites.cbmoxi.com
3495052,https://brownrealtors.sites.cbmoxi.com
3495841,https://cbstar.com
3496630,https://cbintegrity.sites.cbmoxi.com
3499786,https://lafoonrealtyinc.sites.cbmoxi.com
3500575,https://gladstonerealtors.sites.cbmoxi.com
3502153,https://smithandsmithrealty.sites.cbmoxi.com
3502942,https://doverrealtors.sites.cbmoxi.com
3503731,https://faithproperties.sites.cbmoxi.com
3505309,https://solanopacific.sites.cbmoxi.com
3506098,https://preferredgroup.sites.cbmoxi.com
3507676,https://cbt-tc.com
3508465,https://bergerrealestate.sites.cbmoxi.com
3510043,https://gamiotearealty.sites.cbmoxi.com
3511621,https://clackanddennisrealestate.sites.cbmoxi.com
3513988,https://preferredpartners.sites.cbmoxi.com
3517144,https://sudderthnelsoninc.sites.cbmoxi.com
3520300,https://aquaterrarealty.sites.cbmoxi.com
3521089,https://coldwellbankerbakersfield.com
3521878,https://coldwellbankersdc.com
3523456,https://coldwellbankerelite.com
3524245,https://highdesertrealtyco.sites.cbmoxi.com
3525823,https://fingerlakes.sites.cbmoxi.com
3528190,https://northshore.sites.cbmoxi.com
3528979,https://results.sites.cbmoxi.com
3529768,https://selectrealestateinc.sites.cbmoxi.com
3531346,https://cbpremiermove.sites.cbmoxi.com
3533713,https://harbourrealtyinc.sites.cbmoxi.com
3535291,https://desertlakesrealty.sites.cbmoxi.com
3536869,https://figreyandson.sites.cbmoxi.com
3537658,https://cbavenues.com
3538447,https://ellisonrealty.sites.cbmoxi.com
3541603,https://townsiderealtors.sites.cbmoxi.com
3542392,https://kinggeorgerealty.sites.cbmoxi.com
3543970,https://brokerage-central.sites.cbmoxi.com
3547126,https://classicproperties.sites.cbmoxi.com
3548704,https://primeproperties.sites.cbmoxi.com
3549493,https://wardrealestate.sites.cbmoxi.com
3551071,https://cbadvisorrealty.sites.cbmoxi.com
3551860,https://mattoxmccleeryrealtors.sites.cbmoxi.com
3552649,https://preferredrealtyinc.sites.cbmoxi.com
3554227,https://heritagerealtors.sites.cbmoxi.com
3555805,https://cbhometownrealty.sites.cbmoxi.com
3556594,https://hewittandassociates.sites.cbmoxi.com
3557383,https://heartofoklahomarealestate.sites.cbmoxi.com
3558961,https://collegerealestate.sites.cbmoxi.com
3559750,https://kaiserrealestate.sites.cbmoxi.com
3561328,https://intermountainrealty.sites.cbmoxi.com
3562117,https://fleming-laurealty.sites.cbmoxi.com
3565273,https://dynasty.sites.cbmoxi.com
3568429,https://bestrealtyxbiilmhw0n.sites.cbmoxi.com
3570007,https://quest.sites.cbmoxi.com
3570796,https://rpmgroup.sites.cbmoxi.com
3571585,https://watsoncompany.sites.cbmoxi.com
3572374,https://martinmillerlambrealestate.sites.cbmoxi.com
3575530,https://realty2000.sites.cbmoxi.com
3576319,https://brokerage-calabroandassociates.sites.cbmoxi.com
3577108,https://cblubbock.com
3577897,https://k-crealty.sites.cbmoxi.com
3578686,https://timberlandproperties.sites.cbmoxi.com
3579475,https://ozarkrealestatecompany.sites.cbmoxi.com
3580264,https://blackhillslegacy.sites.cbmoxi.com
3581053,http://valleyestates.com
3582631,https://heritagehomes.sites.cbmoxi.com
3584998,https://bartelsrealtors.sites.cbmoxi.com
3585787,https://rowleyrealtors.sites.cbmoxi.com
3587365,https://associatedbrokersrealtyinc.sites.cbmoxi.com
3588943,https://associatedrealtors.sites.cbmoxi.com
3592099,https://cbdsmmarketing.sites.cbmoxi.com
3592888,https://siewertrealtors.sites.cbmoxi.com
3593677,https://americanheritagerealestate.sites.cbmoxi.com
3596044,https://signatureproperties.sites.cbmoxi.com
3596833,https://coldwellbankerplains.com
3597622,https://viprealtyinc.sites.cbmoxi.com
3598411,https://terryandassociates.sites.cbmoxi.com
3599200,https://alliancerealty.sites.cbmoxi.com
3601567,https://mulleadyincrealtors.sites.cbmoxi.com
3604723,https://kueberrealty.sites.cbmoxi.com
3606301,https://1stchoicerealtyinc.sites.cbmoxi.com
3607879,https://phillips.sites.cbmoxi.com
3608668,https://advantage.sites.cbmoxi.com
3609457,https://watermanrealty.com
3610246,https://americandreamrealty.sites.cbmoxi.com
3611035,https://brokerage-success.sites.cbmoxi.com
3611824,https://professionalrealestateservices.sites.cbmoxi.com
3613402,https://budchurchrealtyinc.sites.cbmoxi.com
3614191,https://labarcarealestate.sites.cbmoxi.com
3614980,https://mountainproperties.sites.cbmoxi.com
3618925,https://schneidmiller-realty.sites.cbmoxi.com
3619714,https://theadvantagegroup.sites.cbmoxi.com
3620503,https://propertiesunlimited.sites.cbmoxi.com
3622081,https://estesparkrealestate.com
3622870,https://larryrogersrealty.sites.cbmoxi.com
3623659,https://biscegliarealty.sites.cbmoxi.com
3626026,https://cbkansas.com
3627604,https://cmhr.sites.cbmoxi.com
3628393,https://southerncoast.sites.cbmoxi.com
3629182,https://mckeerealty.sites.cbmoxi.com
3630760,https://brokerage-barnes.sites.cbmoxi.com
3631549,https://cbfreerealty.sites.cbmoxi.com
3633127,https://northernescape.sites.cbmoxi.com
3633916,https://minchewproperties.sites.cbmoxi.com
3634705,https://classicrealty.sites.cbmoxi.com
3635494,https://lakeoconeerealtylakecountry.sites.cbmoxi.com
3637072,https://cbwatsonandknox.com
3638650,https://highcountryrealty.sites.cbmoxi.com
3641017,https://brockrealty.sites.cbmoxi.com
3641806,https://realestategroup.sites.cbmoxi.com
3642595,https://bullardrealty.sites.cbmoxi.com
3645751,https://chinohillshomes.net
3646540,https://srerealtors.sites.cbmoxi.com
3647329,https://exclusive.sites.cbmoxi.com
3650485,https://networkrealty.sites.cbmoxi.com
3651274,https://alfonsorealty.sites.cbmoxi.com
3652852,http://grouponerealty.sites.cbmoxi.com
3653641,https://villagegreenrealty.sites.cbmoxi.com
3655219,https://realtychampions.sites.cbmoxi.com
3656797,https://allstarsinc.sites.cbmoxi.com
3657586,https://boydandhassellincrealtors.sites.cbmoxi.com
3659164,https://cbseacoastadvantage.sites.cbmoxi.com
3660742,https://siggrealtyinc.sites.cbmoxi.com
3663109,https://brokerage-now.sites.cbmoxi.com
3664687,https://newtonrealestateinc.sites.cbmoxi.com
3665476,https://cbadvantage.sites.cbmoxi.com
3666265,https://seacoastadvantageg5awovbgjf.sites.cbmoxi.com
3667054,https://ackleyrealty.sites.cbmoxi.com
3667843,https://watsonproperties.sites.cbmoxi.com
3668632,https://sloanerealty.sites.cbmoxi.com
3670210,http://cbseaside.agent.coldwellbankerobx.com
3671788,https://seacoastadvantage.sites.cbmoxi.com
3673366,https://plourderealestate.sites.cbmoxi.com
3674155,https://caine.sites.cbmoxi.com
3676522,https://securityrealestate.sites.cbmoxi.com
3677311,https://realestateinfo.com
3678100,https://segrovesneese.com
3678889,https://cbwallace.sites.cbmoxi.com
3679678,https://spinksbrowndurandrealtors.sites.cbmoxi.com
3682045,https://haynesrealestateinc.sites.cbmoxi.com
3682834,https://coldwellbankerjimhenry.com
3683623,https://southernrealty.sites.cbmoxi.com
3685201,https://upchurchrealty.sites.cbmoxi.com
3685990,https://kinardrealty.sites.cbmoxi.com
3688357,https://coldwellbankerone.sites.cbmoxi.com
3690724,https://realestateone.sites.cbmoxi.com
3691513,https://md-goodlife.sites.cbmoxi.com
3692302,https://eastonproperties.sites.cbmoxi.com
3693091,https://jhampeassociates.sites.cbmoxi.com
3693880,https://communityrealtors.sites.cbmoxi.com
3694669,https://blackstonerealty.sites.cbmoxi.com
3696247,https://villageproperties.sites.cbmoxi.com
3697825,https://diamond.sites.cbmoxi.com
3699403,https://andersonrealtors.sites.cbmoxi.com
3703348,https://customrealty.sites.cbmoxi.com
3704137,https://primerealestate.sites.cbmoxi.com
3704926,https://larussarealestate.sites.cbmoxi.com
3706504,https://southernrealestate.sites.cbmoxi.com
3707293,https://therealtygroup.sites.cbmoxi.com
3708082,https://emporiarealestate.sites.cbmoxi.com
3712816,https://beauhulserealtygroup.sites.cbmoxi.com
3727807,https://atthelakes.sites.cbmoxi.com
3728596,https://royalrealty.sites.cbmoxi.com
3729385,https://innovations.sites.cbmoxi.com
3730174,https://yumafoothillsrealty.sites.cbmoxi.com
3730963,https://homesource.sites.cbmoxi.com
3732541,https://coastrealty.sites.cbmoxi.com
3734908,https://hometownrealestate.sites.cbmoxi.com
3736486,https://segerstrom.sites.cbmoxi.com
3738064,https://thepropertyexchange.sites.cbmoxi.com
3738853,https://cbk1stchoice.sites.cbmoxi.com
3739642,https://thelegacygroup.sites.cbmoxi.com
3741220,https://premierteamrealty.sites.cbmoxi.com
3742009,https://brokerage-lewisandassociates.sites.cbmoxi.com
3743587,https://advantage-advantage.sites.cbmoxi.com
3744376,https://gardenstate.sites.cbmoxi.com
3748321,https://cbhsr.com
3749110,https://roadrunnerrealty.sites.cbmoxi.com
3749899,https://reaprealty.sites.cbmoxi.com
3751477,https://collins-maury.com
3753055,https://nextgenerationrealty.sites.cbmoxi.com
3753844,https://smithhomesrealtors.sites.cbmoxi.com
3755422,https://primerealty.sites.cbmoxi.com
3756211,https://snellerrealestate.com
3759367,https://prowestrealestate.sites.cbmoxi.com
3761734,https://cbbeyond.com
3764890,https://coldwellbankerargus.com
3765679,https://firstqualityrealty.sites.cbmoxi.com
3766468,https://king.sites.cbmoxi.com
3767257,https://castlerealestate.sites.cbmoxi.com
3768835,https://cbchesapeake.com
3774358,https://inglesafarirealty.sites.cbmoxi.com
3775147,https://thewilkinsonteam.sites.cbmoxi.com
3776725,https://realestateconsultantsofhaywardinc.sites.cbmoxi.com
3777514,https://peggycarterteam.sites.cbmoxi.com
3778303,https://reliablerealestate.sites.cbmoxi.com
3779092,https://hallmarkrealty.sites.cbmoxi.com
3780670,https://coldwellbankerevenbay.com
3783826,https://coldwellbankervalleycentral.com
3784615,https://propertypros.sites.cbmoxi.com
3785404,https://cbelite.sites.cbmoxi.com
3786982,https://thompsonrealty.sites.cbmoxi.com
3787771,http://cbtrahan.com
3788560,https://holloway.sites.cbmoxi.com
3789349,https://cballiancerealty.sites.cbmoxi.com
3790138,https://curryresidential.sites.cbmoxi.com
3790927,https://surfcoastrealtyinc.sites.cbmoxi.com
3792505,https://northland.sites.cbmoxi.com
3793294,https://sweetwaterrealty.sites.cbmoxi.com
3794083,https://cuttingedge.sites.cbmoxi.com
3794872,https://waldenandkirklandincrealtors.sites.cbmoxi.com
3795661,https://roxrealty.sites.cbmoxi.com
3796450,https://markovichrealestate.sites.cbmoxi.com
3797239,https://blueberryrealty.sites.cbmoxi.com
3798817,https://countryrealty.sites.cbmoxi.com
3800395,https://premiererealtors.sites.cbmoxi.com
3801184,https://teamstillwaterrealtors.sites.cbmoxi.com
3801973,https://cbp.sites.cbmoxi.com
3802762,https://www.cbmountainview.com
3803551,https://elevatedrealestate.sites.cbmoxi.com
3804340,https://jaylillyrealestate.sites.cbmoxi.com
3805918,https://liberty.sites.cbmoxi.com
3806707,https://sextonrealestate.sites.cbmoxi.com
3807496,https://theprofessionalgroup.sites.cbmoxi.com
3808285,https://cbcoastalrealty.sites.cbmoxi.com
3809863,https://omnigroup.sites.cbmoxi.com
3810652,https://besthomes.sites.cbmoxi.com
3813019,https://cbwhitbeck.sites.cbmoxi.com
3813808,https://countrytocoastrealty.sites.cbmoxi.com
3814597,https://villagecommunities.sites.cbmoxi.com
3820909,https://plazarealestate.sites.cbmoxi.com
3821698,https://nhsrealestate.sites.cbmoxi.com
3822487,https://distinctivehomes.sites.cbmoxi.com
3824065,https://premierrealty.sites.cbmoxi.com
3824854,https://cornerstonerealty.sites.cbmoxi.com
3827221,https://eliterealtors.sites.cbmoxi.com
3829588,http://charitywaldo.masonandcompany.sites.cbmoxi.com
3831955,https://elementrealty.sites.cbmoxi.com
3832744,https://actionholdings.sites.cbmoxi.com
3835900,https://unitedbrokers.sites.cbmoxi.com
3836689,https://cbcprealty.com
3837478,https://ambassadorrealty.sites.cbmoxi.com
3838267,https://northwoodsrealty.sites.cbmoxi.com
3839056,https://stevensrealestate.sites.cbmoxi.com
3839845,https://platinumproperties.sites.cbmoxi.com
3840634,https://executiverealty.sites.cbmoxi.com
3846157,https://campbellrealtors.sites.cbmoxi.com
3846946,https://shangrilarealty.sites.cbmoxi.com
3847735,https://cbtraditions.com
3848524,https://reeves.sites.cbmoxi.com
3849313,https://brokerage-lifestyles.sites.cbmoxi.com
3850891,https://penncorealestate.sites.cbmoxi.com
3852469,http://coldwellbankerimpactproperties.com
3853258,https://deborahgandy.sites.cbmoxi.com
3854047,https://fairbairnrealty.sites.cbmoxi.com
3856414,https://choiceproperties.sites.cbmoxi.com
3860359,http://cbpickettfences.com
3861148,https://envisionrealrstate.sites.cbmoxi.com
3866671,https://upliferealty.sites.cbmoxi.com
3869827,https://brokerage-ckmann.sites.cbmoxi.com
3872194,https://360team.sites.cbmoxi.com
3874561,https://splendorrealty.sites.cbmoxi.com
3880084,https://erawilderrealty.com
3882451,https://bivinsrealty.sites.cbmoxi.com
3883240,https://brndtstsirp.sites.moxisir.com
3884029,https://brndtstc21p.sites.c21.homes
3884818,https://brndtsterap.sites.erarealestate.com
3886396,http://brndtstbhgrep.sites.bhgrealestate.com
3895075,https://cblegacy.sites.cbmoxi.com
3936103,https://primesouth.sites.c21.homes
3936892,http://bhgcommunityrealty.sites.bhgrealestate.com
3938470,https://century21cedarcrest.com
3940837,http://grandviewnorth.sites.bhgrealestate.com
3942415,https://c21topsail.com
3943204,https://c21veterans.com
3944782,http://edge.sites.c21.homes
3946360,https://bhglegacy.com
3947149,http://bhgfineliving.com
3947938,https://atchleyproperties.sites.bhgrealestate.com
3948727,http://homefront.sites.c21.homes
3951094,https://bhgheritage.com
3951883,https://century21clemens.com
3952672,https://theshanahangroup.sites.bhgrealestate.com
3953461,https://bhgbasecamp.com
3954250,http://c21lakesiderealty.sites.c21.homes
3955828,http://c21broadhurst.sites.c21.homes
3956617,http://c21frankfrye.com
3957406,http://eradotyrealestate.sites.erarealestate.com
3958195,http://c21adamsrealestate.sites.c21.homes
3959773,https://connections.sites.bhgrealestate.com
3962140,https://realestatecenter.sites.c21.homes
3962929,http://bolterealestate.sites.c21.homes
3963718,https://maturo.sites.bhgrealestate.com
3964507,http://thomsonandco.sites.c21.homes
3965296,http://c21familyrealtygroup.sites.c21.homes
3966874,http://bhgoakvalley.com
3967663,https://coastproperties.sites.c21.homes
3968452,https://era-rc.com
3970030,http://mizrahirealty.sites.c21.homes
3970819,https://riverpointe.sites.c21.homes
3971608,https://brokerage-elitelocationsinc.sites.c21.homes
3972397,http://eraamericantownerealty.sites.erarealestate.com
3973975,http://eradunepalm.sites.erarealestate.com
3974764,http://brokerage-bhgstarhomes.sites.bhgrealestate.com
3975553,http://c21tritonrealty.sites.c21.homes
3976342,https://bhgislandlifestyle.sites.bhgrealestate.com
3977920,http://select.sites.bhgrealestate.com
3980287,https://carlilerealty.sites.erarealestate.com
3981076,https://bluemarlinpelican.sites.c21.homes
3981865,http://highdesertrealtors.sites.c21.homes
3982654,http://cascade.sites.c21.homes
3983443,https://trianglegroup.sites.c21.homes
3984232,https://c21gcr.com
3985021,http://asacoxhomes.sites.c21.homes
3985810,http://toprealty.sites.c21.homes
3986599,http://eraheavenerrealty.sites.erarealestate.com
3988177,http://bradleyrealtyinc.sites.c21.homes
3988966,http://premiererealty.sites.c21.homes
3989755,https://tenacerealty.com
3990544,https://hellmannstribling.sites.c21.homes
3991333,https://boling.sites.c21.homes
3992911,http://c21masters.sites.c21.homes
3993700,https://steinposner.sites.c21.homes
3995278,https://scalagroup.sites.c21.homes
3996067,http://geminillc.sites.c21.homes
3996856,https://c21results.com
3997645,http://xsellrealty.sites.c21.homes
3998434,https://eralambros.com
3999223,http://fourcornersrealty.sites.c21.homes
4000012,https://brokerage-cristalcellar.sites.c21.homes
4000801,https://alstedrealestate.sites.c21.homes
4001590,https://adminuser-curranandoberski.sites.c21.homes
4002379,http://c21rauhandjohns.sites.c21.homes
4003168,http://centerpoint.sites.c21.homes
4003957,https://theseybothteam.sites.c21.homes
4004746,http://continentalrealty.sites.c21.homes
4006324,https://eraleatherman.com
4007113,http://c21gavishrealestate.sites.c21.homes
4007902,http://erareardon.sites.erarealestate.com
4008691,https://erateamrealestate.sites.erarealestate.com
4009480,https://kansascityhomes.com
4010269,http://c21anj.com
4011847,https://beal.sites.c21.homes
4012636,https://homsrealty.sites.c21.homes
4014214,http://realtypartners.sites.c21.homes
4015003,https://eramartinassociates.sites.erarealestate.com
4016581,https://eratownesquarerealtyinc.sites.erarealestate.com
4018159,https://adminuser-eraoakcrestrealtyinc.sites.erarealestate.com
4018948,https://eralobby.sites.erarealestate.com
4019737,https://jcarterandco.sites.c21.homes
4020526,http://erakennedygroup.sites.erarealestate.com
4021315,http://c21centrerealestate.sites.c21.homes
4023682,http://galvez.sites.c21.homes
4024471,https://c21dco.com
4025260,https://21goldchoice.com
4026049,http://eragillespierealestate.sites.erarealestate.com
4026838,http://thegenegroup.sites.c21.homes
4027627,https://century21discovery.com
4028416,http://eradonahoerealty.sites.erarealestate.com
4030783,https://eraboniakowski.com
4032361,https://coachellavalleyrealty.sites.c21.homes
4033150,https://eradavisandlinn.sites.erarealestate.com
4036306,https://premier.sites.bhgrealestate.com
4037884,http://rsvprealestateerapowered.sites.erarealestate.com
4038673,https://brokerage-sterlingrealty.sites.c21.homes
4039462,https://bhgremetrobrokers.sites.bhgrealestate.com
4040251,http://millerelite.sites.c21.homes
4041829,https://bighill.com
4042618,https://cocciarealty.sites.bhgrealestate.com
4043407,https://betterhawaii.com
4044196,https://actionplusrealty.sites.c21.homes
4044985,https://bannonandhebert.com
4047352,https://bhgvalley.com
4048141,https://soundlifehomes.com
4048930,https://43north.sites.bhgrealestate.com
4052086,http://atlanticshores.sites.bhgrealestate.com
4052875,https://sakmarassociates.com
4053664,https://winans.sites.bhgrealestate.com
4055242,https://pacificcommons.sites.bhgrealestate.com
4056031,http://keimrealtors.sites.c21.homes
4056820,https://restainohomes.sites.erarealestate.com
4057609,https://judgefitecompany.sites.c21.homes
4059187,https://www.bhgfirst.com
4059976,http://themasiellogroup.sites.bhgrealestate.com
4061554,http://c21vswl.sites.c21.homes
4062343,http://battlefieldrealestateinc.sites.c21.homes
4063132,http://championrealestate.sites.c21.homes
4063921,http://www.betterlivingva.com
4064710,http://newmillennium.sites.c21.homes
4066288,http://bearfactsrealty.sites.c21.homes
4067077,https://northorangecounty.sites.erarealestate.com
4067866,https://c21christelrealty.com
4068655,https://erakeyrealty.com
4069444,http://albertsonrealty.sites.c21.homes
4071811,http://erastrother.sites.erarealestate.com
4072600,https://kniperealtyerapowered.sites.erarealestate.com
4074178,http://fullrealtyservices.sites.c21.homes
4074967,https://palmcoasthomesandland.sites.erarealestate.com
4075756,https://fernandinabeach.sites.erarealestate.com
4076545,http://www.bhglakerealty.com
4077334,http://safarirealtyonline.com
4078123,http://bhgreclarity.com
4079701,http://brokerage-tradition.sites.c21.homes
4080490,https://eratherealestatestore.sites.erarealestate.com
4081279,http://brokerage-schulerbauer.sites.erarealestate.com
4082068,https://crestrealestate.sites.c21.homes
4082857,https://erainsite.com
4083646,https://homesbhg.com
4084435,https://erashieldsrealestate.sites.erarealestate.com
4085224,http://erapacesettersrealty.sites.erarealestate.com
4086802,https://bhgmomentum.com
4089169,http://c21sandstonerealestate.sites.c21.homes
4091536,http://northwestrealty.sites.c21.homes
4092325,https://elliottcoastalliving.sites.bhgrealestate.com
4093114,http://bhgsteinbornandassoc.sites.bhgrealestate.com
4094692,https://everest.sites.c21.homes
4095481,https://synergy.sites.bhgrealestate.com
4096270,http://bhgregistry.com
4097059,https://brokerage-gebarealty.sites.c21.homes
4097848,https://c21begginsenterprises.sites.c21.homes
4098637,http://coastallifestyles.sites.c21.homes
4099426,http://blurealty.sites.bhgrealestate.com
4100215,http://everythingrealestate.sites.bhgrealestate.com
4101793,http://c21bailey.sites.c21.homes
4102582,https://yourcentury21agent.com
4103371,https://betteromaha.com
4104160,http://bhgvalleyisle.sites.bhgrealestate.com
4104949,http://bhgreparacle.com
4106527,http://i20team.com
4107316,http://islandhomes.sites.c21.homes
4108894,https://eracentral.com
4109683,http://bhgvoglerfeigen.sites.bhgrealestate.com
4110472,https://nachmanrealty.sites.c21.homes
4111261,http://exclusiveproperties.sites.c21.homes
4112050,https://crowerealty.sites.c21.homes
4112839,http://propertyshoppeoyik3mc9s3.sites.c21.homes
4113628,https://brokerage-arizonafoothills.sites.c21.homes
4114417,https://star.sites.bhgrealestate.com
4115206,http://buyandsellgreen.com
4115995,https://brokerage-brawnsterling.sites.erarealestate.com
4116784,https://c21realestate.com
4117573,https://garymannrealty.sites.bhgrealestate.com
4118362,https://winecountrygroup.sites.bhgrealestate.com
4119151,https://shoreandcountryproperties.sites.bhgrealestate.com
4120729,https://buyinwv.com
4121518,https://realtygroup.sites.c21.homes
4122307,https://century21towncountry.com
4123096,https://brokerage-integrityrealestate.sites.erarealestate.com
4123885,https://eralivemoore.com
4124674,http://c21northland.sites.c21.homes
4125463,https://erasuburb.com
4126252,https://erasellersandbuyersrealestate.sites.erarealestate.com
4127041,http://mariorealestate.sites.c21.homes
4129408,https://erafreemanandassociatesrealtors.sites.erarealestate.com
4130197,https://eralandmark.sites.erarealestate.com
4130986,https://eracourtyardrealestate.sites.erarealestate.com
4131775,http://coastal-era-brokeragesite.sites.erarealestate.com
4132564,http://eravalleyrealty.sites.erarealestate.com
4133353,https://century21signaturerealty.com
4134931,https://guardianrealestateservices.sites.c21.homes
4135720,http://eravalleyprorealty.sites.erarealestate.com
4136509,http://erahomenetworkrealestate.sites.erarealestate.com
4137298,https://breedenrealtors.sites.c21.homes
4138087,http://choicerealty.sites.bhgrealestate.com
4139665,https://erasunriserealty.net
4140454,https://northwesthometeam.sites.bhgrealestate.com
4141243,https://cohnandcompany.com
4142032,http://powerrealty.sites.bhgrealestate.com
4142821,https://elevate.sites.bhgrealestate.com
4144399,http://erawoodyhogg.sites.erarealestate.com
4146766,http://eraselect.sites.erarealestate.com
4147555,http://bhgdestinations.com
4148344,https://resultsrealtyera.com
4149133,http://desertlifestyleproperties.sites.bhgrealestate.com
4149922,http://brokerage-bluestarrealestate.sites.erarealestate.com
4150711,http://betterharrisburg.com
4151500,https://senterrealtors.com
4152289,https://napolitano.sites.bhgrealestate.com
4153078,http://www.drakulichre.com
4153867,https://bhglindseyrealty.sites.bhgrealestate.com
4154656,https://justinrealty.sites.erarealestate.com
4155445,http://c21hansen.sites.c21.homes
4156234,https://eramountainrealty.com
4157812,https://iowac21.com
4158601,https://pristine.sites.bhgrealestate.com
4160179,http://petersonrealestate.sites.c21.homes
4160968,http://birchwoodrealty.sites.c21.homes
4161757,https://bhgrehaven.com
4163335,https://wostalrealty.sites.bhgrealestate.com
4164124,https://randallmorrisandassociates.sites.c21.homes
4164913,https://youngandcompany.sites.bhgrealestate.com
4166491,https://bhgemeraldcoast.sites.bhgrealestate.com
4167280,https://jwmortonrealestateinc.sites.c21.homes
4168069,https://okcbetter.com
4170436,https://wrightpacerealestate.sites.c21.homes
4171225,https://bhgfrg.com
4172014,https://bhgpropertyshoppe.com
4173592,https://atwood.sites.c21.homes
4175959,https://tomlinstcyr.sites.erarealestate.com
4176748,http://medley.sites.bhgrealestate.com
4177537,https://bhgrealtypartners.com
4178326,https://eraking.com
4179115,https://erarealsolutionsrealtycompanyllc.sites.erarealestate.com
4179904,https://brokerage-martin.sites.erarealestate.com
4180693,https://erafirstadvantagerealtyinc.sites.erarealestate.com
4181482,http://gustavewhitesothebysinternationalrealty.sites.moxisir.com
4182271,https://m3realty.sites.bhgrealestate.com
4183060,http://c21nhr.com
4185427,http://americana.sites.c21.homes
4187794,https://erabrokersconsolidated.sites.erarealestate.com
4188583,https://tricities.sites.c21.homes
4189372,https://erateamvp.com
4190161,http://eralegacyrealty.sites.erarealestate.com
4190950,http://thenestinggroup.sites.erarealestate.com
4191739,https://bhguniversal.sites.bhgrealestate.com
4193317,http://dreammakers.sites.bhgrealestate.com
4194106,http://caprockrealestate.sites.c21.homes
4196473,https://northwestliving.sites.bhgrealestate.com
4197262,http://welcomehome.sites.bhgrealestate.com
4198051,https://erareal.com
4198840,https://verandarealty.sites.bhgrealestate.com
4199629,https://americanrealestate.com
4201207,http://nelsonsheltonrealestateerapowered.sites.erarealestate.com
4201996,https://altituderealestate.sites.c21.homes
4203574,http://tuckerrealtynw.com
4204363,https://c21ruckerrealestate.sites.c21.homes
4205152,https://epic.sites.c21.homes
4213042,https://bhgrepropertiesunlimited.sites.bhgrealestate.com
4213831,http://bhgsjfowler.com
4214620,https://erafb.com
4228033,http://jimbartletthomes.com
4235134,https://brokerage-genevaharris.sites.erarealestate.com
4238290,https://c21mrc.sites.c21.homes
4264327,http://lotus.sites.c21.homes
4265116,http://eraskyviewrealty.sites.erarealestate.com
4265905,https://journey.sites.bhgrealestate.com
4266694,https://c21iconwaco.sites.c21.homes
4267483,https://bhgbloom.com
4268272,http://realtyathome.sites.c21.homes
4269061,https://eraivyleaguerealty.com
4269850,http://eraadvantagerealty.sites.erarealestate.com
4270639,https://myprorealty.com
4271428,https://eralegacyliving.sites.erarealestate.com
4273795,https://nonar-cb-brokerage.sites.cbmoxi.com
4274584,https://coralshoresrealty.sites.erarealestate.com
4275373,https://integrityrealestate.sites.bhgrealestate.com
4276162,https://lawrielawrence.sites.c21.homes
4276951,https://weeksandbrowning.sites.erarealestate.com
4279318,http://bhgtowncenter.com
4280107,https://ckselect.sites.cbmoxi.com
4280896,https://moorerealestate.sites.c21.homes
4281685,https://eramodo.com
18553117,http://grizzard.sites.erarealestate.com
18553906,https://eradawson-bradfordcorealtors.sites.erarealestate.com
18554695,https://panamacityrealestate.com
18556273,http://coolproperties.com
18558640,http://eratopservicerealty.sites.erarealestate.com
18560218,http://erapriorityrealestate.sites.erarealestate.com
18561007,http://erasimmonsrealestate.sites.erarealestate.com
18561796,http://thecastelogroup.sites.erarealestate.com
18563374,http://hirsch.sites.erarealestate.com
18564952,https://erastatewide.com
18565741,http://advantagerealty.sites.erarealestate.com
18566530,http://erawestwindrealestate.sites.erarealestate.com
18567319,http://erasierravista.com
18568108,http://redstonefamilyrealtyllcerapowered.sites.erarealestate.com
18568897,http://greaternorth.sites.erarealestate.com
18571264,http://burgdorffera.sites.erarealestate.com
18572053,http://millenium.sites.erarealestate.com
18572842,https://eratownandcampusrealty.sites.erarealestate.com
18573631,http://erachappellandassociatesrealtyandrental.sites.erarealestate.com
18574420,http://eraarchibaldrealestate.sites.erarealestate.com
18575209,http://erabillmayrealtycompany.sites.erarealestate.com
18576787,http://eraallinonerealty.sites.erarealestate.com
18577576,http://erawaldroprealestate.sites.erarealestate.com
18578365,http://legacyrealestateandassociateserapowered.sites.erarealestate.com
18579154,http://erabluekeyproperties.sites.erarealestate.com
18579943,http://eraamericanrealestate.sites.erarealestate.com
18580732,https://eraparrishrealty.com
18581521,http://eranewage.sites.erarealestate.com
18583099,http://eraempower.com
18583888,http://countywidepropertieserapowered.sites.erarealestate.com
18584677,http://integrity-era.sites.erarealestate.com
18585466,http://columbiariverrealtyerapowered.sites.erarealestate.com
18586255,https://fsr-era.com
18587044,http://myersmarket.com
18587833,http://midwestpropertieserapowered.sites.erarealestate.com
18588622,https://godwynrealty.com
18589411,http://mack-morrisirislurie.sites.c21.homes
18590200,https://c21p.com
18590989,http://charlessmithagencyinc.sites.c21.homes
18591778,http://allservice.sites.c21.homes
18592567,https://tuccirealty.com
18594934,http://classicrealty.sites.c21.homes
18595723,http://ozarkhillsrealtyinc.sites.c21.homes
18596512,http://integritygroup.sites.c21.homes
18597301,http://realtyteam.sites.c21.homes
18598090,http://advancerealty.sites.c21.homes
18599668,http://townandcountryrealty.sites.c21.homes
18600457,http://actioninc.sites.c21.homes
18602824,https://c21premier.sites.c21.homes
18603613,http://butlerrealestateservices.sites.c21.homes
18604402,http://chesserrealty.sites.c21.homes
18605191,http://c21shirleydonaldson.sites.c21.homes
18605980,https://naturecoast.sites.c21.homes
18606769,http://billnyerealty.sites.c21.homes
18607558,https://c21greatmoves.com
18608347,http://actionteamrealtorsofcenterinc.sites.c21.homes
18609925,http://homefirstrealtors.sites.c21.homes
18610714,http://allacesrealty.sites.c21.homes
18611503,http://linkrealtyinc.sites.c21.homes
18612292,http://braddockrealty.sites.c21.homes
18613081,http://selectrealestate.sites.c21.homes
18613870,http://southernidahorealty.sites.c21.homes
18615448,http://realestateunlimited.sites.c21.homes
18617026,http://choward.sites.c21.homes
18618604,http://smithrealtygroup.sites.c21.homes
18619393,https://marketprofessionals.sites.c21.homes
18620971,http://goldteam-realtors.sites.c21.homes
18621760,http://supremerealty.sites.c21.homes
18622549,https://arizonawest.sites.c21.homes
18623338,http://lyonsandassociates.sites.c21.homes
18624127,https://atyourservicerealty.sites.c21.homes
18624916,https://priceright.sites.c21.homes
18625705,https://premiereproperties.sites.c21.homes
18626494,https://realtysolutions.sites.c21.homes
18627283,https://alliance.sites.c21.homes
18628072,http://worldconnection.sites.c21.homes
18628861,http://top-producers.sites.c21.homes
18629650,http://premierrealestate.sites.c21.homes
18630439,http://parkerandscrogginsrealty.sites.c21.homes
18631228,http://liberty.sites.c21.homes
18632017,http://hometeamrealty.sites.c21.homes
18632806,https://hometownproperties.sites.c21.homes
18633595,https://fairwaysrealestate.sites.c21.homes
18634384,http://totalrealestatesolutions.sites.c21.homes
18635173,http://aspiregroup.sites.c21.homes
18635962,https://hi-alta.sites.c21.homes
18636751,https://c21bridgewayrealty.com
18637540,https://realtyadvisors.sites.c21.homes
18638329,http://wilkins.sites.bhgrealestate.com
18639118,http://executivepartners.sites.bhgrealestate.com
18640696,http://allseasons.sites.bhgrealestate.com
18641485,http://edwardsandassociates.sites.bhgrealestate.com
18642274,http://lifestyles.sites.bhgrealestate.com
18643063,http://segarsrealty.sites.bhgrealestate.com
18643852,http://cypress.sites.bhgrealestate.com
18644641,http://porchlight.sites.bhgrealestate.com
18645430,http://betterhomesandgardenscassidonrealty.sites.bhgrealestate.com
18646219,http://voigtdavis.sites.bhgrealestate.com
18647008,http://silver-city.sites.bhgrealestate.com
18647797,http://lifestylepropertypartners.sites.bhgrealestate.com
18648586,http://gsarealty.sites.bhgrealestate.com
18650164,http://southernbranch.sites.bhgrealestate.com
18651742,http://thesignaturefirm.com
18652531,https://murphyandco.sites.bhgrealestate.com
18653320,http://themilestoneteam.sites.bhgrealestate.com
18654109,http://preferredpropertiesbhg.com
18654898,https://jacksonrealty.sites.bhgrealestate.com
18655687,http://innovations.sites.bhgrealestate.com
18656476,http://royalandassociates.sites.bhgrealestate.com
18657265,http://gwinrealty.sites.bhgrealestate.com
18658054,https://bhgremacyandco.com
18658843,http://bydesign.sites.bhgrealestate.com
18659632,http://hometown.sites.bhgrealestate.com
18660421,http://infinity.sites.bhgrealestate.com
18661210,http://champions.sites.bhgrealestate.com
18661999,http://thomasgroup.sites.bhgrealestate.com
18662788,http://hankcorrearealty.sites.bhgrealestate.com
18664366,http://brushandassociates.sites.bhgrealestate.com
18665155,https://www.bhgsaenzassociates.com
18665944,http://dreamproperties.sites.bhgrealestate.com
18666733,http://mcqueen.sites.bhgrealestate.com
18667522,http://bhgbeyond.sites.bhgrealestate.com
18668311,https://alliancere.net
18669100,http://coldwellbankerelpaso.com
18669889,https://tonybachman.sites.cbmoxi.com
18670678,https://metrorealestate.sites.cbmoxi.com
18671467,https://southernlifestyles.sites.c21.homes
18672256,https://firstrealtybemidji.com
18673045,https://era-richmond.com
18673834,https://erarealtycenter.sites.erarealestate.com
18674623,http://erajohnson.sites.erarealestate.com
18676201,http://eraqueencityrealty.sites.erarealestate.com
18676990,https://caputo.sites.erarealestate.com
18677779,http://lifestyleproperties.sites.corcorangroup.com
19027306,http://semorealtors.sites.c21.homes
19039141,http://oldsouthproperties.sites.erarealestate.com
19099894,http://garnerproperties.sites.c21.homes
19101472,https://ktoddsellshomes.com
19102261,http://towneandcountryrvlvnloxbf.sites.c21.homes
19103050,http://douganderson.sites.c21.homes
19104628,https://tomapartners.sites.c21.homes
19105417,http://circa72inc.sites.c21.homes
19106206,http://baysedgerealty.sites.c21.homes
19106995,https://semiaoandassociates.sites.c21.homes
19108573,http://bayshorerealestate.sites.c21.homes
19109362,http://dittonrealty.sites.c21.homes
19110151,https://century21sundance.com
19111729,http://actiongroup.sites.c21.homes
19113307,http://abetterway.sites.c21.homes
19114096,http://adamsandbarnes.sites.c21.homes
19115674,http://towneandcountry.sites.c21.homes
19116463,http://sextonanddonohueinc.sites.c21.homes
19117252,http://dawnsgoldrealty.sites.c21.homes
19118830,http://alliancerealtygroup.sites.c21.homes
19119619,http://allamerican.sites.c21.homes
19120408,http://platinumproperties.sites.c21.homes
19121197,http://astro.sites.c21.homes
19121986,http://desertrock.sites.c21.homes
19122775,https://langosandchristian.sites.c21.homes
19123564,http://wildwoodpropertiesinc.sites.c21.homes
19124353,http://market-techrealtors.sites.c21.homes
19125931,http://mclennanandcompany.sites.c21.homes
19126720,https://homesandinvestments.sites.c21.homes
19128298,http://accessamerica.sites.c21.homes
19129087,http://jackruddyrealestate.sites.c21.homes
19129876,https://emerald.sites.c21.homes
19130665,https://century21harman.com
19131454,http://carolynrileyrealty.sites.c21.homes
19132243,https://coloradohomesearch.com
19133032,http://forresterrealestate.sites.c21.homes
19133821,http://amigo.sites.c21.homes
19134610,http://yarrowandassociatesrealtors.sites.c21.homes
19135399,http://c21shuttersandsails.com
19136188,https://century21access.com
19136977,https://century21aa.com
19138555,http://agaterealty.sites.c21.homes
19139344,http://reverie.sites.corcorangroup.com
19140133,http://concept100.sites.c21.homes
19140922,https://century21western.com
19144078,http://actionrealty.sites.c21.homes
19144867,http://homestar.sites.c21.homes
19145656,http://rainbowrealty.sites.c21.homes
19146445,https://c21northstar.com
19147234,http://amerisouthrealty.sites.c21.homes
19148023,https://simpsonandassociates.sites.c21.homes
19148812,https://c21realtynetwork.com
19149601,http://crownhomes.sites.c21.homes
19150390,http://premiergroup.sites.c21.homes
19151179,http://americanheritage.sites.c21.homes
19151968,https://bonorealty.sites.c21.homes
19152757,http://atlanticprofessionalrealty.sites.c21.homes
19153546,http://eratreanorrealestate.sites.erarealestate.com
19154335,http://legendsrealty.sites.corcorangroup.com
19155124,http://eranextlevelrealestate.sites.erarealestate.com
19155913,https://austinhillrealty.sites.corcorangroup.com
19156702,http://c21wrightrealty.com
19157491,http://erablanchardandrossettoinc.sites.erarealestate.com
19158280,http://camcorealty.sites.c21.homes
19159069,http://davidsmithrealestate.sites.c21.homes
19160647,http://deannarealty.sites.c21.homes
19161436,http://home.sites.c21.homes
19163014,http://century21excellence.com
19164592,http://nandnrealtors.sites.c21.homes
19165381,http://goldstandard.sites.c21.homes
19166170,http://sunbeltrealty.sites.c21.homes
19166959,http://king.sites.c21.homes
19168537,http://jacksonrealestate.sites.c21.homes
19169326,https://c21carioti.com
19170115,http://aaanorth.sites.c21.homes
19170904,https://century21rs.com
19171693,http://jrgoldteamrealty.sites.c21.homes
19172482,http://murphyandrudolph.sites.c21.homes
19173271,http://winklhofer.sites.c21.homes
19174060,http://lee-macrealty.sites.c21.homes
19174849,https://fullservicerealty.sites.c21.homes
19176427,http://bhjrealtyinc.sites.c21.homes
19177216,http://celli.sites.c21.homes
19178005,http://solidgoldrealty.sites.c21.homes
19178794,http://pinnacle.sites.c21.homes
19180372,http://allstarrealestateteam.sites.c21.homes
19181161,http://coastaladvantage.sites.c21.homes
19181950,http://marellarealty.sites.c21.homes
19182739,http://tkrealtyinc.sites.c21.homes
19183528,http://primetimerealtors.sites.c21.homes
19184317,http://harrisandtaylor.sites.c21.homes
19185106,https://cotarealty.sites.c21.homes
19185895,http://ontarget.sites.c21.homes
19186684,http://plaza.sites.c21.homes
19188262,http://communityrealty.sites.c21.homes
19189051,http://unitedbrokers.sites.c21.homes
19189840,http://buttermanandkrystoninc.sites.c21.homes
19190629,http://eraprimeproperties.sites.erarealestate.com
19191418,http://erabradyassociates.sites.erarealestate.com
19192207,https://signatureproperties.sites.c21.homes
19192996,https://jrsrealty.sites.c21.homes
19193785,http://fountainrealtyllc.sites.c21.homes
19194574,http://allprofessional.sites.c21.homes
19195363,http://sgr.sites.c21.homes
19196941,http://marciano.sites.c21.homes
19197730,https://c21norris.com
19200097,http://eracarrollrealtycoinc.sites.erarealestate.com
19200886,http://landoflakes.sites.c21.homes
19202464,http://shawmutproperties.sites.c21.homes
19203253,https://c-21sp.com
19204042,https://erapetkusweiss.sites.erarealestate.com
19204831,http://erashelmanrealty.sites.erarealestate.com
19205620,https://specialproperties.sites.bhgrealestate.com
19372099,https://www.garysheac21.com
19373677,https://morrisonrealty.sites.c21.homes
19376044,https://krrealty.sites.c21.homes
19376833,https://gold.sites.c21.homes
19378411,https://c21capitalgold.com
19379200,https://forwardrealtyinc.sites.c21.homes
19379989,http://moves.sites.c21.homes
19380778,https://dairylandrealty.sites.c21.homes
19382356,http://ocean.sites.c21.homes
19383145,http://tropicalbreezerealty.sites.c21.homes
19383934,http://erabyrnerealty.sites.erarealestate.com
19384723,https://bessetterealtyinc.sites.c21.homes
19386301,http://myersrealty.sites.c21.homes
19387090,http://c21firstcoast.com
19387879,http://olympian.sites.c21.homes
19389457,http://laclederealty.sites.c21.homes
19390246,http://realestateassociates.sites.c21.homes
19391035,http://erayoungrealtyandinvestment.sites.erarealestate.com
19391824,http://villagerealty.sites.c21.homes
19392613,http://alliancegroup.sites.c21.homes
19394980,https://platinumone.sites.cbmoxi.com
19395769,http://prestigerealty.sites.c21.homes
19396558,http://mikebowmaninc.sites.c21.homes
19397347,http://allstars.sites.c21.homes
19399714,http://crossroads.sites.c21.homes
19400503,https://ramaglirealestate.sites.c21.homes
19401292,http://icon.sites.c21.homes
19402081,http://atlanticrealty.sites.c21.homes
19402870,http://altusprestigerealty.sites.c21.homes
19403659,https://diamondrealty.sites.c21.homes
19404448,http://americanheritagerealty.sites.c21.homes
19406026,http://executiveteam.sites.c21.homes
19406815,http://advantageplus.sites.c21.homes
19407604,https://lindseyandpauley.sites.c21.homes
19408393,http://cityview.sites.c21.homes
19409182,http://connectrealty.sites.c21.homes
19409971,https://sebringflorida.com
19411549,http://unitedrealestate.sites.c21.homes
19412338,http://houseofrealtyinc.sites.c21.homes
19413127,http://advantagerealestateinc.sites.c21.homes
19413916,http://professionalrealty.sites.c21.homes
19414705,http://richwillrealty.com
19415494,https://investmentrealty.sites.c21.homes
19416283,https://row.sites.c21.homes
19417072,http://wcrealty.sites.c21.homes
19417861,http://associatedprofessionalsinc.sites.c21.homes
19418650,https://c21gust.com
19419439,http://allpointsrealty.sites.c21.homes
19420228,https://elite.sites.c21.homes
19421017,http://propertyprofessionals.sites.c21.homes
19422595,http://bostonandcompany.sites.c21.homes
19423384,http://trenkarealestate.sites.c21.homes
19424173,http://sherlockhomes.sites.c21.homes
19424962,http://classichomes.sites.c21.homes
19426540,https://1stamerican.sites.c21.homes
19427329,https://century21mcdaniel.com
19428118,http://hillmingeragency.sites.c21.homes
19428907,https://showcaserealtors.sites.c21.homes
19431274,http://feresterrealty.sites.corcorangroup.com
19432852,http://drewsrealty.sites.c21.homes
19433641,http://action-team.sites.c21.homes
19434430,http://erarealestateprofessionals.sites.erarealestate.com
19435219,http://blackgold.sites.c21.homes
19436008,http://bushnell.sites.c21.homes
19436797,http://realtyassociates.sites.c21.homes
19438375,https://bigskyrealestate.sites.c21.homes
19439953,http://all-service.sites.c21.homes
19440742,http://transcendentrealty.sites.c21.homes
19441531,https://www.c21teamelite.com
19442320,http://realtyconcepts.sites.c21.homes
19443109,http://futurehomesrealty.sites.c21.homes
19443898,http://brainerdrealtyinc.sites.c21.homes
19444687,https://ganeyrealestate.com
19445476,http://americanhomes.sites.c21.homes
19447054,http://onerealty.sites.c21.homes
19447843,https://c21dreamhomes.com
19449421,https://c21kafcos.com
19450210,http://goldfirerealty.sites.c21.homes
19450999,http://advantage.sites.c21.homes
19451788,https://cor-acerealty.sites.c21.homes
19452577,http://goldadvantage.sites.c21.homes
19454944,http://communityprofessionalsrealty.sites.c21.homes
19455733,http://northwestrealtymt.sites.c21.homes
19456522,http://smithloverealty.sites.c21.homes
19457311,http://garlingtonandassociates.sites.c21.homes
19458889,http://firstchoicerealty.sites.c21.homes
19459678,http://ventureltd.sites.c21.homes
19460467,http://holtonrealty.sites.c21.homes
19462045,http://metro-star.sites.c21.homes
19462834,https://therealtygroup.sites.c21.homes
19465201,http://realtymasters.sites.c21.homes
19465990,http://preferredproperties.sites.c21.homes
19466779,http://achievers.sites.c21.homes
19467568,http://aztecandassociates.sites.c21.homes
19468357,http://capitalbrokers.sites.c21.homes
19469146,http://stevedavolirealestate.sites.c21.homes
19469935,http://cardinal.sites.c21.homes
19471513,http://cedarwood.sites.c21.homes
19472302,http://downtown.sites.c21.homes
19473880,http://rosaleon.sites.c21.homes
19475458,http://newheritage.sites.c21.homes
19476247,http://propertiesunlimited.sites.c21.homes
19477036,http://goodyeargreen.sites.c21.homes
19477825,http://baytreerealty.sites.c21.homes
19479403,http://colonial-realty.sites.c21.homes
19482559,http://coastalrealtors.sites.c21.homes
19484137,http://castlerealty.sites.c21.homes
19484926,http://consolidated.sites.c21.homes
19485715,http://showcaserealtorsinc.sites.c21.homes
19486504,http://virginiawilderrealestate.sites.c21.homes
19487293,http://leahssignature.sites.c21.homes
19488082,http://harborrealty.sites.c21.homes
19488871,http://gotexoma.com
19489660,http://theavenues.sites.c21.homes
19490449,http://deliarealtygroup.sites.c21.homes
19492027,http://flagagencyinc.sites.c21.homes
19492816,http://primerealty.sites.c21.homes
19493605,http://bay-marrealtyinc.sites.c21.homes
19494394,http://eravillagegreenrealtors.sites.erarealestate.com
19495183,https://ryanrealty.sites.c21.homes
19495972,https://platinum.sites.cbmoxi.com
19497550,http://barbarapatterson.sites.c21.homes
19498339,https://coloradoriverrealty.sites.c21.homes
19499917,http://coleman-hornsby.sites.c21.homes
19500706,http://goldkeyrealtors.sites.c21.homes
19504651,http://valleyrealestate.sites.c21.homes
19622212,https://nohemi.realtor
19623001,http://darfusrealty.sites.c21.homes
19623790,http://americaschoice.sites.c21.homes
19626157,https://century21prolink.com
19626946,http://nasonrealtyinc.sites.c21.homes
19627735,https://c21advantagemaine.sites.c21.homes
19629313,http://trophy.sites.c21.homes
19631680,http://twinlakesrealty.sites.c21.homes
19632469,http://collinsrealtyinc.sites.c21.homes
19633258,http://c21mkrealty.sites.c21.homes
19634047,http://schlossbachrealty.sites.c21.homes
19634836,https://waterfront.sites.c21.homes
19636414,http://staugustinepropertiesinc.sites.c21.homes
19637203,http://prestigerealestateinc.sites.c21.homes
19637992,https://c21affiliated.com
19639570,http://intown.sites.c21.homes
19641148,http://venturerealestate.sites.erarealestate.com
19643515,http://gonsalves-pastorerealty.sites.c21.homes
19644304,http://riserealty.sites.c21.homes
19645882,http://centricrealty.sites.corcorangroup.com
19647460,http://ipropertieshawaii.sites.c21.homes
19648249,http://homefindersofhawaii.sites.c21.homes
19649038,http://jcjonesamericandream.sites.c21.homes
19651405,https://alliancerealty.sites.c21.homes
19652194,http://wimcorealtyinc.sites.c21.homes
19652983,http://davidstevensinc.sites.c21.homes
19653772,http://catapanohomes.sites.c21.homes
19654561,http://goldenwestrealty.sites.c21.homes
19655350,http://mccarthyrealtyinc.sites.c21.homes
19656139,http://fourstarrealestatecoinc.sites.c21.homes
19656928,http://successrealty.sites.c21.homes
19658506,http://robertsandandrews.com
19659295,http://familytree.sites.c21.homes
19660084,http://perryrealestate.sites.c21.homes
19660873,http://reillyrealtors.sites.c21.homes
19664029,http://thebellgroup.sites.bhgrealestate.com
19664818,http://goldstarrealestate.sites.c21.homes
19667185,http://alowcountryrealty.sites.c21.homes
19668763,http://realestategroup.sites.c21.homes
19669552,http://atyourservice.sites.c21.homes
19670341,http://courtsquarerealtyandauctioninc.sites.c21.homes
19671130,http://tri-damrealty.sites.c21.homes
19671919,http://parisherproperties.sites.c21.homes
19672708,https://balesteriinc.sites.c21.homes
19673497,http://selectrealty.sites.c21.homes
19674286,https://legacy.sites.c21.homes
19675075,https://greaterlandcorealty.sites.c21.homes
19676653,http://premierhomesales.sites.c21.homes
19678231,http://purtellrealty.sites.c21.homes
19679020,http://garlandrealty.sites.c21.homes
19680598,http://goldmarketrealtyinc.sites.c21.homes
19681387,http://awardagency.sites.c21.homes
19682176,http://gibson-turnerandassoc.sites.c21.homes
19682965,http://mainstreetrealtyinc.sites.c21.homes
19683754,https://eliterealty.sites.c21.homes
19685332,http://dcgaguillardrealty.sites.c21.homes
19686910,http://atthehelm.sites.c21.homes
19687699,http://therealestatestore.sites.c21.homes
19688488,http://century21williamsrealty.sites.c21.homes
19690066,https://century21ruralestates.com
19690855,http://agrealtygroup.sites.c21.homes
19692433,http://sierrarealtors.sites.c21.homes
19694011,http://calabreserealty.sites.c21.homes
19694800,http://lawrencerealty.sites.c21.homes
19695589,http://dynamicrealty.sites.c21.homes
19696378,http://reidbaugherrealty.sites.c21.homes
19699534,https://sellzhomez.com
19700323,http://blackbearrealty.sites.c21.homes
19702690,http://grigsbyrealty.sites.c21.homes
19705057,http://championsinc.sites.c21.homes
19705846,https://howerealtyandauction.sites.c21.homes
19706635,http://clarkbrothersinc.sites.c21.homes
19707424,http://campbellrealtyinc.sites.c21.homes
19708213,http://nuggetrealty.sites.c21.homes
19709002,http://c21tassinari.com
19711369,http://theedge.sites.c21.homes
19712158,http://altonclark.sites.c21.homes
19713736,http://northlandrealty.sites.c21.homes
19714525,http://arrowrealty.sites.c21.homes
19716892,http://realestatechampions.sites.c21.homes
19717681,http://parisirealty.sites.c21.homes
19718470,http://baysouthrealtyinc.sites.c21.homes
19719259,http://abramshutchinsonandassociates.sites.c21.homes
19720048,http://allhomesandproperties.sites.c21.homes
19722415,http://americanproperties.sites.c21.homes
19723204,http://goldpropertiesrealtyinc.sites.c21.homes
19723993,http://dongurneyrealestate.sites.c21.homes
19725571,http://hallmark.sites.c21.homes
19726360,http://allianceproperties.sites.c21.homes
19727149,http://hartford.sites.c21.homes
19728727,http://riversiderealty.sites.c21.homes
19729516,https://erahome2home.com
19730305,http://gollottlyonsrealestate.sites.c21.homes
19731883,http://realtyprofessionalsinc.sites.c21.homes
19734250,http://premierrealty.sites.corcorangroup.com
19735828,http://nicholson.sites.c21.homes
19736617,http://jervisandassociates.sites.c21.homes
19737406,http://paramount.sites.c21.homes
19738195,http://girardeaurealty.sites.c21.homes
19738984,https://spearfishrealty.sites.c21.homes
19739773,http://www.cbkeyrealty.com
19740562,https://homeandfarmrealtyinc.sites.c21.homes
19741351,http://desertestatesrealty.sites.c21.homes
19742140,https://cbselectproperties.com
19742929,http://classicestates.sites.c21.homes
19747663,http://adirondacks.sites.c21.homes
19748452,http://countryrealty.sites.c21.homes
19750030,http://adams-harveyandassociates.sites.c21.homes
19750819,http://northwarrenrealty.sites.c21.homes
19877848,http://platinumpartners.sites.c21.homes
19881004,http://hometownbrokers.sites.c21.homes
19882582,http://dickinsonrealtors.sites.c21.homes
19883371,http://highlandrealtyco.sites.c21.homes
19884949,http://northwoodsteam.sites.c21.homes
19885738,http://rivervalleyrealestateinc.sites.c21.homes
19888105,http://kinrealtyinc.sites.c21.homes
19888894,http://united.sites.c21.homes
19889683,http://schroeringrealty.sites.c21.homes
19891261,http://russhollinsrealtors.sites.c21.homes
19892050,https://buelow-millerrealty.sites.c21.homes
19892839,http://powerhouserealty.sites.c21.homes
19893628,http://premierrealtypartners.sites.c21.homes
19895206,http://mikehamandassociates.sites.c21.homes
19895995,http://sowescorealty.sites.c21.homes
19896784,http://bellrealestate.sites.c21.homes
19897573,http://1stchoicerealty.sites.c21.homes
19898362,http://goldcoat.com
19900729,http://apdassociates.sites.c21.homes
19901518,http://smithhourigangroup.sites.c21.homes
19902307,http://tigertown.sites.bhgrealestate.com
19903096,http://americanrealty.sites.c21.homes
19903885,http://allprorealestate.sites.c21.homes
19905463,http://jamesgrantrealty.sites.c21.homes
19907041,http://ghcassociatesinc.sites.c21.homes
19909408,http://sellingparadise.sites.c21.homes
19910197,https://paradisepalm.sites.c21.homes
19910986,http://globalrealtors.sites.c21.homes
19912564,http://classicgold.sites.c21.homes
19914142,http://napierrealtorsera.sites.erarealestate.com
19915720,http://erabyarsrealty.sites.erarealestate.com
19916509,http://kimaproperties.sites.c21.homes
19917298,http://eraprofessionalhometownservices.sites.erarealestate.com
19919665,http://actionrealtyinc.sites.c21.homes
19921243,http://eraajcalirealestate.sites.erarealestate.com
19922032,http://janfryeandassociates.sites.c21.homes
19925977,http://kellydavis.sites.c21.homes
19926766,http://johnstoncompany.sites.c21.homes
19927555,http://eracornerstonerealty.sites.erarealestate.com
19928344,http://citrusrealty.sites.c21.homes
19929922,https://c21actionrealtors.com
19930711,http://westsloperealty.sites.c21.homes
19931500,http://diamondrealestate.sites.c21.homes
19933867,http://stevensandassociatesinc.sites.c21.homes
19934656,http://therealestatecenter.sites.c21.homes
19936234,http://ericenterprisesincorporated.sites.c21.homes
19937023,http://commonwealthrealestate.sites.c21.homes
19937812,http://propertiesplus.sites.c21.homes
19938601,http://associatedbrokers.sites.c21.homes
19939390,https://century21circle.sites.c21.homes
19942546,http://accenthomesinc.sites.c21.homes
19943335,http://kingrealty.sites.c21.homes
19945702,http://c21clearview.com
19946491,https://searchcedarrapidsrealestate.com
19947280,http://heritagerealty.sites.c21.homes
19948069,http://urhomerealestate.sites.c21.homes
19948858,https://sanangelohomesforsale.com
19950436,http://millriverrealty.sites.c21.homes
19951225,http://woodlandrealestate.sites.c21.homes
19952803,http://mertzandassociatesinc.sites.c21.homes
19953592,http://aspenrealestate.sites.c21.homes
19954381,http://danhoff-donnamillerrealty.sites.c21.homes
19955170,http://sunwayrealtyllc.sites.c21.homes
19955959,http://harveyproperties.sites.c21.homes
19956748,http://postrealty.sites.c21.homes
19957537,http://firstrealtyinc.sites.c21.homes
19958326,https://heritage.sites.c21.homes
19960693,http://eracolerealty.sites.erarealestate.com
19961482,http://herbertsvillerealestatecompanyinc.sites.c21.homes
19962271,http://platinumrealestate.sites.c21.homes
19964638,http://mountainvistas.sites.c21.homes
19969372,http://habitationrealtyerapowered.sites.erarealestate.com
19970161,http://smithbranchandpope.sites.c21.homes
19971739,http://sunnysouthproperties.sites.c21.homes
19974106,http://wrightrealestate.sites.c21.homes
19975684,http://sonomarealty.sites.c21.homes
19977262,https://marealestatelady.com
19978051,http://goldstarrealtyandinvestmentinc.sites.c21.homes
19978840,http://campbellandcompany.sites.c21.homes
19979629,http://goldenservicerealtyandauctioninc.sites.c21.homes
19980418,https://c21bwe.com
19981207,http://homesandlandrealestateinc.sites.c21.homes
19981996,http://cornelis-simpsoninc.sites.c21.homes
19982785,http://partners.sites.c21.homes
19984363,http://erareedrealtyinc.sites.erarealestate.com
19985152,http://mainstreetproperties.sites.bhgrealestate.com
19986730,http://queencity.sites.c21.homes
19987519,http://schutjerrealtyinc.sites.c21.homes
19989097,http://allkeysinc.sites.c21.homes
19989886,http://newhorizon.sites.c21.homes
19991464,http://lakeshore.sites.c21.homes
19992253,http://molinerealtyinc.sites.c21.homes
19993042,http://capstonecommercialgroup.sites.c21.homes
19995409,http://clementrealtyinc.sites.c21.homes
19996198,http://frickrealtors.sites.c21.homes
19998565,http://fmrealty.sites.c21.homes
20000143,http://frontierrealty.sites.c21.homes
20003299,http://goldawardrealty.sites.c21.homes
20004088,http://piercerealty.sites.c21.homes
20004877,http://masterkeyrealty.sites.c21.homes
20007244,https://firstgroup.sites.c21.homes
20008033,http://eraporchlightproperties.sites.erarealestate.com
20009611,http://millennium.sites.c21.homes
20011189,http://endeavor.sites.c21.homes
20011978,http://hancockpropertiesinc.sites.c21.homes
20012767,http://keiserandcorealestate.sites.c21.homes
20015134,http://steeleandassociates.sites.c21.homes
20015923,http://1stclasshomes.sites.c21.homes
20016712,http://landmarkassociates.sites.c21.homes
20019079,http://eracsraperandson.sites.erarealestate.com
20020657,http://americusrealtyinc.sites.c21.homes
20022235,http://countryknollsrealtyinc.sites.c21.homes
20023024,http://homesplus.sites.c21.homes
20023813,http://papprealty.sites.c21.homes
20025391,http://thedarby-rogerscompany.sites.c21.homes
20026180,http://delrealty.sites.c21.homes
20026969,http://rivercitiesrealty.sites.c21.homes
20027758,http://homeplanning.sites.c21.homes
20030125,http://realtycenter.sites.c21.homes
20031703,http://madisonestates.sites.moxisir.com
20034070,https://greenteamrealty.com
20036437,http://greencountry.sites.bhgrealestate.com
20037226,http://tuckerswanson.sites.c21.homes
20038804,https://salute.sites.cbmoxi.com
20039593,http://bhgreserve.com
20040382,https://skycastle.sites.cbmoxi.com
20290495,http://firststoryrealestate.sites.c21.homes
20291284,http://palmrealtyofpascoinc.sites.c21.homes
20292862,https://c21scoperealty.com
20293651,http://servicerealty.sites.c21.homes
20295229,https://nicolesloanrealty.sites.cbmoxi.com
20296018,http://bestrealtyinc.sites.c21.homes
20296807,http://c21landmarkrealty.com
20297596,http://elite.sites.bhgrealestate.com
20299174,http://thomasrealtyinc.sites.c21.homes
20299963,http://mcwatersrealtyservice.sites.c21.homes
20300752,http://historic.sites.bhgrealestate.com
20302330,http://uniquerealty.sites.c21.homes
20303908,http://capitalproperties.sites.c21.homes
20304697,https://powermarkpropertieserapowered.sites.erarealestate.com
20307064,https://flagcity.sites.cbmoxi.com
20308642,http://c21propertycentral.com
20309431,https://scottmyersrealtors.sites.c21.homes
20310220,http://realtygroupllc.sites.c21.homes
20311798,http://thevegateam.sites.c21.homes
20314954,https://naomi.sites.c21.homes
20315743,http://experience.sites.c21.homes
20316532,http://colonialrealestate.sites.c21.homes
20318899,http://1stchoicerealtors.sites.c21.homes
20319688,https://erasummitrealestate.com
20320477,http://mckeownandassociatesinc.sites.c21.homes
20324422,http://maselleandassociates.sites.c21.homes
20325211,http://executivegroup.sites.c21.homes
20328367,https://nestwork.sites.cbmoxi.com
20329156,http://progressive.sites.c21.homes
20329945,http://richardberryandassociates.sites.c21.homes
20430148,http://wheelerrealty.sites.c21.homes
20436460,http://prosperity.sites.bhgrealestate.com
20437249,http://gilmartinandcompany.sites.c21.homes
20438827,http://larrymillerrealtyinc.sites.c21.homes
20440405,http://mountainlifestyles.sites.c21.homes
20452240,http://solomonproperties.sites.c21.homes
20464075,http://baerandmcintosh.sites.corcorangroup.com
20483800,http://islandviewrealtyllc.sites.c21.homes
20484589,http://theluekengroup.sites.c21.homes
20491690,http://marketlinkrealty.sites.c21.homes
20498791,http://all-eliteinc.sites.c21.homes
20538241,http://dorishardyandassociatesllc.sites.c21.homes
20539030,http://commonwealthrealty.sites.c21.homes
20540608,http://dunaganassociates.sites.c21.homes
20545342,http://erasouthdaderealty.sites.erarealestate.com
20550865,http://propertyadvisors.sites.c21.homes
20554810,http://c21valleyproperties.com
20556388,http://eramconnielaplanterealestate.sites.erarealestate.com
20568223,http://royal.sites.c21.homes
20573746,http://professionalgroup.sites.c21.homes
20584792,http://pacificproperties.sites.corcorangroup.com
20591104,http://cumberlandrealty.sites.c21.homes
20591893,http://verdeschiandwalshrealty.sites.c21.homes
20594260,http://monticellorealty.sites.c21.homes
20595049,http://erateamworkrealty.sites.erarealestate.com
20595838,https://homeloversrealty.sites.cbmoxi.com
20598205,https://rainbowislandproperties.com
20598994,http://marathonrealestate.sites.c21.homes
20599783,https://danskinrealty.sites.c21.homes
20600572,https://c21revolution.com
20601361,http://bellora.sites.c21.homes
20602150,https://c21yourway.com
20602939,https://stiles.sites.cbmoxi.com
20603728,https://ultimate.sites.cbmoxi.com
20718922,http://erarealtyallover.com
20722078,https://betterfoothills.com
20734702,https://c21summitrealty.com
20921695,https://madyellinger.cbgreatlakes.com
20922484,https://cbpphomes.com
20923273,https://cbschmidtfoc.com
20924062,https://www.cbschmidtohio.com
20924851,https://www.cbfloridahomes.com
20928007,https://cbparadise.com
